<?xml version='1.0' encoding='ISO-8859-1'?>
<validator onerror='/action/error/validation/ajax'>
	<parameter id='smn_entidades_rf' type='integer' required='true' label='${lbl:b_entity}' maxlen='10'/>
	<parameter id='smn_sucursal_rf' type='integer' required='true' label='${lbl:b_subsidiary}' maxlen='10'/>
	<parameter id='smn_entidad_financiera_id' type='integer' required='true' label='${lbl:b_financial_entity}' maxlen='10'/>
	<parameter id='smn_cuenta_bancaria_rf' type='integer' required='true' label='${lbl:b_bank_account}' maxlen='10'/>
	<!-- <parameter id='smn_documentos_generales_rf' type='integer' required='false' label='${lbl:b_origen_document}' maxlen='10'/> -->
	<parameter id='mov_numero_documento' type='integer' required='false' label='${lbl:b_document_number}' maxlen='10'/>
	<!-- <parameter id='smn_modulo_origen_rf' type='integer' required='false' label='${lbl:b_source_module}' maxlen='10'/> -->
	<parameter id='smn_documento_id' type='integer' required='true' label='${lbl:b_document}' maxlen='10'/>
	<!-- <parameter id='mov_numero_documento_modulo' type='integer' required='true' label='${lbl:b_document_number_module}' maxlen='10'/> -->
	<!-- <parameter id='smn_tipo_documento_id' type='integer' required='true' label='${lbl:b_document_type}' maxlen='10'/>  -->
	<parameter id='smn_equivalencia_doc_bancario_id' type='integer' required='true' label='${lbl:b_bank_equivalence}' maxlen='10'/>
	<parameter id='mov_descripcion_movimiento' type='varchar' required='true' label='${lbl:b_description_mov}' maxlen='200'/>
	<parameter id='mov_beneficiario_pago' type='varchar' required='false' label='${lbl:b_beneficiary_payments}' maxlen='200'/>
	<parameter id='mov_tipo_movimiento' type='varchar' required='true' label='${lbl:b_movement_type}' maxlen='2'/>
	<parameter id='mov_monto_ml' type='double' required='true' label='${lbl:b_amount_ml}' maxlen='10'/>
	<parameter id='smn_moneda_rf' type='integer' required='false' label='${lbl:b_coin}' maxlen='10'/>
	<parameter id='mov_fecha_documento' type='date' required='true' label='${lbl:b_document_date}' maxlen='10'/>
	<parameter id='smn_tasa_rf' type='integer' required='false' label='${lbl:b_rate}' maxlen='10'/>
	<!-- <parameter id='mov_monto_ma' type='double' required='false' label='${lbl:b_amount_ma}' maxlen='10'/>
	<parameter id='mov_fecha_entrega' type='date' required='false' label='${lbl:b_delivery_date}' maxlen='10'/>
	<parameter id='mov_fecha_disponible' type='date' required='true' label='${lbl:b_available_date}' maxlen='10'/>
	<parameter id='mov_estatus_proceso' type='varchar' required='true' label='${lbl:b_process_status}' maxlen='2'/> -->
	<!-- <parameter id='mov_estatus' type='varchar' required='true' label='${lbl:b_status}' maxlen='2'/> -->
	<!-- <parameter id='mov_fecha_registro' type='date' required='true' label='${lbl:b_store_date}' maxlen='10'/> -->

	<custom-validator
		classname='dinamica.validators.DuplicatedKeyValidator'
			on-error-label='${lbl:b_record_not_duplicated}.'
			sql='buscarDescripcion.sql'
			id='mov_descripcion_movimiento'/>


</validator>
