<?xml version='1.0' encoding='ISO-8859-1'?>
<validator id='filter.params' onerror='/action/error/validation/ajax'>
	<parameter id='smn_entidad_rf' type='integer' required='false' label='${lbl:b_entity}' maxlen='10'/>
	<parameter id='smn_sucursal_rf' type='integer' required='false' label='${lbl:b_subsidiary}' maxlen='10'/>
	<parameter id='smn_banco_rf' type='integer' required='false' label='${lbl:b_bank}' maxlen='10'/>
	<parameter id='smn_cuenta_bancaria_rf' type='integer' required='false' label='${lbl:b_bank_account}' maxlen='10'/>
	<parameter id='pmb_fecha_movimiento' type='date' required='false' label='${lbl:b_movement_date}' maxlen='10'/>
	<parameter id='pmb_estatus' type='varchar' required='false' label='${lbl:b_status}' maxlen='2'/>
	<custom-validator classname='dinamica.validators.SQLPatternTransformer' parameter='pmb_estatus' rule='like' />
	<parameter id='pmb_fecha_registro' type='date' required='false' label='${lbl:b_store_date}' maxlen='10'/>
</validator>