<?xml version='1.0' encoding='ISO-8859-1'?>
<validator onerror='/action/error/validation/ajax'>
	<parameter id='smn_plantilla_movimiento_bancario_id' type='integer' required='true' label='${lbl:b_template_bank_movement}' maxlen='10'/>
	<parameter id='pmd_fecha' type='date' required='true' label='${lbl:s_loginhist_col1}' maxlen='10'/>
	<parameter id='pmd_numero_referencia_bancaria' type='varchar' required='true' label='${lbl:b_bank_reference_number}' maxlen='20'/>
	<parameter id='smn_equivalencia_doc_bancario_id' type='integer' required='true' label='${lbl:b_bank_equivalence}' maxlen='10'/>
	<parameter id='smn_tipo_documento_id' type='integer' required='true' label='${lbl:b_document_type}' maxlen='10'/>
	<parameter id='pmd_descripcion' type='varchar' required='true' label='${lbl:b_description}' maxlen='120'/>
	<parameter id='pmd_monto' type='double' required='true' label='${lbl:b_amount}' maxlen='20'/>
	<parameter id='smn_tasa_rf' type='integer' required='false' label='${lbl:b_rate}' maxlen='10'/>
	<parameter id='smn_moneda_rf' type='integer' required='false' label='${lbl:b_coin}' maxlen='10'/>
	<parameter id='pmd_monto_ma' type='double' required='false' label='${lbl:b_amount_ma}' maxlen='20'/>
	<parameter id='pmd_estatus' type='varchar' required='false' label='${lbl:b_status}' maxlen='2'/>
	<parameter id='pmd_fecha_registro' type='date' required='false' label='${lbl:b_store_date}' maxlen='10'/>
	<parameter id='id' type='integer' required='true' label='${lbl:b_template_bank_movement_detail}' maxlen='10'/>
	<parameter id="smn_entidades_rf" type="integer" required="false" label="ID Entidad" maxlen='10'/>
	<parameter id="smn_sucursal_rf" type="integer" required="false" label="ID Sucursal" maxlen='10'/>
	<parameter id="smn_entidad_financiera_id" type="integer" required="false" label="ID banco" maxlen='10'/>
	<parameter id="smn_cuenta_bancaria_rf" type="integer" required="false" label="ID Cta Bancaria" maxlen='10'/>
	
	<custom-validator classname='dinamica.validators.CreateRecordset' 
		definition='recordset-mov_bancario.xml' 
		sessionID='query-mov_bancario.sql' />

	<custom-validator 
		classname='dinamica.validators.ArrayNotEmptyValidator' 
		on-error-label='Seleccione al menos un ítem.' 
		parameter-name='smn_movimiento_bancario_id' 
		id='smn_movimiento_bancario_id'/>
	
	<custom-validator 
		classname='dinamica.validators.ArrayToRecordset' 
		paramName='smn_movimiento_bancario_id' 
		recordsetId='query-mov_bancario.sql' 
		colName='smn_movimiento_bancario_id' 
		colType='integer'/>

</validator>
